-- phpMyAdmin SQL Dump
-- version 4.1.14
-- http://www.phpmyadmin.net
--
-- Host: 127.0.0.1
-- Generation Time: Dec 30, 2017 at 06:08 AM
-- Server version: 5.6.17
-- PHP Version: 5.5.12

SET SQL_MODE = "NO_AUTO_VALUE_ON_ZERO";
SET time_zone = "+00:00";


/*!40101 SET @OLD_CHARACTER_SET_CLIENT=@@CHARACTER_SET_CLIENT */;
/*!40101 SET @OLD_CHARACTER_SET_RESULTS=@@CHARACTER_SET_RESULTS */;
/*!40101 SET @OLD_COLLATION_CONNECTION=@@COLLATION_CONNECTION */;
/*!40101 SET NAMES utf8 */;

--
-- Database: `ltweb1`
--

-- --------------------------------------------------------

--
-- Table structure for table `categories`
--

CREATE TABLE IF NOT EXISTS `categories` (
  `CatID` int(11) NOT NULL AUTO_INCREMENT,
  `CatName` varchar(50) COLLATE utf8mb4_unicode_ci NOT NULL,
  PRIMARY KEY (`CatID`)
) ENGINE=InnoDB  DEFAULT CHARSET=utf8mb4 COLLATE=utf8mb4_unicode_ci AUTO_INCREMENT=6 ;

--
-- Dumping data for table `categories`
--

INSERT INTO `categories` (`CatID`, `CatName`) VALUES
(1, 'Máy ảnh DSLR'),
(2, 'Máy ảnh du lịch'),
(3, 'Máy ảnh lấy liền'),
(4, 'Máy ảnh Mirrorless'),
(5, 'Máy quay phim');

-- --------------------------------------------------------

--
-- Table structure for table `manufacturers`
--

CREATE TABLE IF NOT EXISTS `manufacturers` (
  `ManID` int(11) NOT NULL AUTO_INCREMENT,
  `ManName` varchar(255) COLLATE utf8mb4_unicode_ci NOT NULL,
  PRIMARY KEY (`ManID`)
) ENGINE=InnoDB  DEFAULT CHARSET=utf8mb4 COLLATE=utf8mb4_unicode_ci AUTO_INCREMENT=5 ;

--
-- Dumping data for table `manufacturers`
--

INSERT INTO `manufacturers` (`ManID`, `ManName`) VALUES
(1, 'Canon'),
(2, 'Nikon'),
(3, 'Sony'),
(4, 'Fujifilm');

-- --------------------------------------------------------

--
-- Table structure for table `orderdetails`
--

CREATE TABLE IF NOT EXISTS `orderdetails` (
  `ID` int(11) NOT NULL AUTO_INCREMENT,
  `OrderID` int(11) NOT NULL,
  `ProID` int(11) NOT NULL,
  `Quantity` int(11) NOT NULL,
  `Price` bigint(20) NOT NULL,
  `Amount` int(11) NOT NULL,
  PRIMARY KEY (`ID`)
) ENGINE=InnoDB DEFAULT CHARSET=utf8mb4 COLLATE=utf8mb4_unicode_ci AUTO_INCREMENT=1 ;

-- --------------------------------------------------------

--
-- Table structure for table `orders`
--

CREATE TABLE IF NOT EXISTS `orders` (
  `OrderID` int(11) NOT NULL AUTO_INCREMENT,
  `OrderDate` datetime NOT NULL,
  `UserID` int(11) NOT NULL,
  `Total` bigint(20) NOT NULL,
  `StatusID` int(11) NOT NULL,
  PRIMARY KEY (`OrderID`)
) ENGINE=InnoDB DEFAULT CHARSET=utf8mb4 COLLATE=utf8mb4_unicode_ci AUTO_INCREMENT=1 ;

-- --------------------------------------------------------

--
-- Table structure for table `orderstatus`
--

CREATE TABLE IF NOT EXISTS `orderstatus` (
  `StatusID` int(11) NOT NULL AUTO_INCREMENT,
  `StatusDescription` varchar(255) COLLATE utf8mb4_unicode_ci NOT NULL,
  `StatusColor` varchar(255) COLLATE utf8mb4_unicode_ci NOT NULL,
  PRIMARY KEY (`StatusID`)
) ENGINE=InnoDB  DEFAULT CHARSET=utf8mb4 COLLATE=utf8mb4_unicode_ci AUTO_INCREMENT=3 ;

--
-- Dumping data for table `orderstatus`
--

INSERT INTO `orderstatus` (`StatusID`, `StatusDescription`, `StatusColor`) VALUES
(0, 'Chưa giao', '#fcf8e3'),
(1, 'Đang giao', '#d9edf7'),
(2, 'Đã giao', '#dff0d8');

-- --------------------------------------------------------

--
-- Table structure for table `products`
--

CREATE TABLE IF NOT EXISTS `products` (
  `ProID` int(11) NOT NULL AUTO_INCREMENT,
  `ProName` varchar(255) COLLATE utf8mb4_unicode_ci NOT NULL,
  `ProSource` varchar(255) COLLATE utf8mb4_unicode_ci NOT NULL,
  `Des` text COLLATE utf8mb4_unicode_ci NOT NULL,
  `Price` bigint(20) NOT NULL,
  `Quantity` int(11) NOT NULL,
  `CatID` int(11) NOT NULL,
  `ManID` int(11) NOT NULL,
  `StartDate` date NOT NULL,
  `SellCount` int(11) NOT NULL,
  `ViewCount` int(11) NOT NULL,
  PRIMARY KEY (`ProID`)
) ENGINE=InnoDB  DEFAULT CHARSET=utf8mb4 COLLATE=utf8mb4_unicode_ci AUTO_INCREMENT=43 ;

--
-- Dumping data for table `products`
--

INSERT INTO `products` (`ProID`, `ProName`, `ProSource`, `Des`, `Price`, `Quantity`, `CatID`, `ManID`, `StartDate`, `SellCount`, `ViewCount`) VALUES
(1, 'Máy Ảnh Sony Alpha A6000', 'Thái Lan', '<p style="box-sizing: border-box; margin: 0px 0px 5px; padding: 0px 0px 0px 20px; font-size: 13px; position: relative; color: #333333; font-family: Roboto, Helvetica, Arial, sans-serif;">Cảm biến: APS HD CMOS 24.3MP</p>\r\n<p style="box-sizing: border-box; margin: 0px 0px 5px; padding: 0px 0px 0px 20px; font-size: 13px; position: relative; color: #333333; font-family: Roboto, Helvetica, Arial, sans-serif;">Bộ xử l&yacute; h&igrave;nh ảnh: BIONZ X</p>\r\n<p style="box-sizing: border-box; margin: 0px 0px 5px; padding: 0px 0px 0px 20px; font-size: 13px; position: relative; color: #333333; font-family: Roboto, Helvetica, Arial, sans-serif;">ISO: 100 - 25600</p>\r\n<p style="box-sizing: border-box; margin: 0px 0px 5px; padding: 0px 0px 0px 20px; font-size: 13px; position: relative; color: #333333; font-family: Roboto, Helvetica, Arial, sans-serif;">Hệ thống lấy n&eacute;t: 25 điểm</p>\r\n<p style="box-sizing: border-box; margin: 0px 0px 5px; padding: 0px 0px 0px 20px; font-size: 13px; position: relative; color: #333333; font-family: Roboto, Helvetica, Arial, sans-serif;">Tốc độ lấy n&eacute;t cực nhanh 0.06 gi&acirc;y</p>\r\n<p style="box-sizing: border-box; margin: 0px 0px 5px; padding: 0px 0px 0px 20px; font-size: 13px; position: relative; color: #333333; font-family: Roboto, Helvetica, Arial, sans-serif;">Chụp ảnh li&ecirc;n tục: 11 ảnh/ gi&acirc;y</p>\r\n<p style="box-sizing: border-box; margin: 0px 0px 5px; padding: 0px 0px 0px 20px; font-size: 13px; position: relative; color: #333333; font-family: Roboto, Helvetica, Arial, sans-serif;">Chuyển h&igrave;nh nhanh với k&ecirc;t nối Wifi</p>', 13500000, 43, 1, 3, '2017-12-29', 0, 38),
(2, 'Máy Ảnh Fujifilm X-T20', 'Trung Quốc', '<p style="box-sizing: border-box; margin: 0px 0px 5px; padding: 0px 0px 0px 20px; font-size: 13px; position: relative; color: #333333; font-family: Roboto, Helvetica, Arial, sans-serif;">Cảm biến APS-C X-Trans CMOS III 24.3MP hiện đại</p>\r\n<p style="box-sizing: border-box; margin: 0px 0px 5px; padding: 0px 0px 0px 20px; font-size: 13px; position: relative; color: #333333; font-family: Roboto, Helvetica, Arial, sans-serif;">Bộ xử l&yacute; h&igrave;nh ảnh X-Processor Pro mạnh mẽ</p>\r\n<p style="box-sizing: border-box; margin: 0px 0px 5px; padding: 0px 0px 0px 20px; font-size: 13px; position: relative; color: #333333; font-family: Roboto, Helvetica, Arial, sans-serif;">M&agrave;n h&igrave;nh cảm ứng TFT LCD 3" 1.04 triệu điểm ảnh c&oacute; thể xoay lật</p>\r\n<p style="box-sizing: border-box; margin: 0px 0px 5px; padding: 0px 0px 0px 20px; font-size: 13px; position: relative; color: #333333; font-family: Roboto, Helvetica, Arial, sans-serif;">Chế độ chụp nhanh li&ecirc;n tục l&ecirc;n đến 5 fps</p>\r\n<p style="box-sizing: border-box; margin: 0px 0px 5px; padding: 0px 0px 0px 20px; font-size: 13px; position: relative; color: #333333; font-family: Roboto, Helvetica, Arial, sans-serif;">Ống k&iacute;nh 16-55mm c&oacute; khẩu độ lớn, hỗ trợ lấy n&eacute;t tự động</p>', 24000000, 5, 1, 4, '2017-12-29', 0, 31),
(3, 'Máy Ảnh Canon PowerShot SX430 IS', 'Trung Quốc', '<p style="box-sizing: border-box; margin: 0px 0px 5px; padding: 0px 0px 0px 20px; font-size: 13px; position: relative; color: #333333; font-family: Roboto, Helvetica, Arial, sans-serif;">Chụp h&igrave;nh ảnh chi tiết với zoom 45x</p>\r\n<p style="box-sizing: border-box; margin: 0px 0px 5px; padding: 0px 0px 0px 20px; font-size: 13px; position: relative; color: #333333; font-family: Roboto, Helvetica, Arial, sans-serif;">H&igrave;nh ảnh tuyệt đẹp với c&ocirc;ng nghệ ấn tượng</p>\r\n<p style="box-sizing: border-box; margin: 0px 0px 5px; padding: 0px 0px 0px 20px; font-size: 13px; position: relative; color: #333333; font-family: Roboto, Helvetica, Arial, sans-serif;">Kết nối với thế giới chỉ bằng một lần nhấn</p>\r\n<p style="box-sizing: border-box; margin: 0px 0px 5px; padding: 0px 0px 0px 20px; font-size: 13px; position: relative; color: #333333; font-family: Roboto, Helvetica, Arial, sans-serif;">Zoom quang học 45x (24 - 1080 mm) với ZoomPlus 90x</p>\r\n<p style="box-sizing: border-box; margin: 0px 0px 5px; padding: 0px 0px 0px 20px; font-size: 13px; position: relative; color: #333333; font-family: Roboto, Helvetica, Arial, sans-serif;">Cảm biến 20.0 megapixel</p>\r\n<p style="box-sizing: border-box; margin: 0px 0px 5px; padding: 0px 0px 0px 20px; font-size: 13px; position: relative; color: #333333; font-family: Roboto, Helvetica, Arial, sans-serif;">Hệ thống Ổn định H&igrave;nh ảnh Th&ocirc;ng minh</p>', 5250000, 19, 1, 1, '2017-12-29', 0, 5),
(4, 'Máy Ảnh Canon 750D', 'Nhật Bản', '<p style="box-sizing: border-box; margin: 0px 0px 5px; padding: 0px 0px 0px 20px; font-size: 13px; position: relative; color: #333333; font-family: Roboto, Helvetica, Arial, sans-serif;">Cảm biến: CMOS 24.2MP</p>\r\n<p style="box-sizing: border-box; margin: 0px 0px 5px; padding: 0px 0px 0px 20px; font-size: 13px; position: relative; color: #333333; font-family: Roboto, Helvetica, Arial, sans-serif;">Bộ xử l&yacute; h&igrave;nh ảnh: DIGIC 6</p>\r\n<p style="box-sizing: border-box; margin: 0px 0px 5px; padding: 0px 0px 0px 20px; font-size: 13px; position: relative; color: #333333; font-family: Roboto, Helvetica, Arial, sans-serif;">ISO: ISO 100 - ISO 6400</p>\r\n<p style="box-sizing: border-box; margin: 0px 0px 5px; padding: 0px 0px 0px 20px; font-size: 13px; position: relative; color: #333333; font-family: Roboto, Helvetica, Arial, sans-serif;">Hệ thống lấy n&eacute;t: 19 điểm</p>\r\n<p style="box-sizing: border-box; margin: 0px 0px 5px; padding: 0px 0px 0px 20px; font-size: 13px; position: relative; color: #333333; font-family: Roboto, Helvetica, Arial, sans-serif;">Chụp ảnh li&ecirc;n tục: tối đa khoảng 5,0 ảnh/gi&acirc;y</p>\r\n<p style="box-sizing: border-box; margin: 0px 0px 5px; padding: 0px 0px 0px 20px; font-size: 13px; position: relative; color: #333333; font-family: Roboto, Helvetica, Arial, sans-serif;">Truyền h&igrave;nh ảnh nhanh với kết nối Wifi</p>', 13500000, 16, 1, 1, '2017-12-29', 0, 0),
(5, 'Canon M10 KIT 15-45mm', 'Đài Loan', '<p>Kh&ocirc;ng c&oacute; m&ocirc; tả</p>', 7000000, 2, 1, 1, '2017-12-29', 0, 0),
(6, 'Máy Ảnh Sony DSC H300', 'Trung Quốc', '<p style="box-sizing: border-box; margin: 0px 0px 5px; padding: 0px 0px 0px 20px; font-size: 13px; position: relative; color: #333333; font-family: Roboto, Helvetica, Arial, sans-serif;">Cảm biến: Super HAD CCD 20.1 MP</p>\r\n<p style="box-sizing: border-box; margin: 0px 0px 5px; padding: 0px 0px 0px 20px; font-size: 13px; position: relative; color: #333333; font-family: Roboto, Helvetica, Arial, sans-serif;">Ống k&iacute;nh si&ecirc;u zoom 35x</p>\r\n<p style="box-sizing: border-box; margin: 0px 0px 5px; padding: 0px 0px 0px 20px; font-size: 13px; position: relative; color: #333333; font-family: Roboto, Helvetica, Arial, sans-serif;">ISO: 80-3200</p>\r\n<p style="box-sizing: border-box; margin: 0px 0px 5px; padding: 0px 0px 0px 20px; font-size: 13px; position: relative; color: #333333; font-family: Roboto, Helvetica, Arial, sans-serif;">Hệ thống lấy n&eacute;t: Tự động</p>\r\n<p style="box-sizing: border-box; margin: 0px 0px 5px; padding: 0px 0px 0px 20px; font-size: 13px; position: relative; color: #333333; font-family: Roboto, Helvetica, Arial, sans-serif;">Chụp ảnh li&ecirc;n tục: 0.8fps</p>', 3550000, 25, 1, 3, '2017-12-29', 0, 0),
(7, 'Máy Ảnh Sony Alpha A5100', 'Thái Lan', '<p style="box-sizing: border-box; margin: 0px 0px 5px; padding: 0px 0px 0px 20px; font-size: 13px; position: relative; color: #333333; font-family: Roboto, Helvetica, Arial, sans-serif;">Cảm biến: 24.3MP Exmor&trade; APS-C CMOS</p>\r\n<p style="box-sizing: border-box; margin: 0px 0px 5px; padding: 0px 0px 0px 20px; font-size: 13px; position: relative; color: #333333; font-family: Roboto, Helvetica, Arial, sans-serif;">Bộ xử l&yacute; h&igrave;nh ảnh: BIONZ X&trade;</p>\r\n<p style="box-sizing: border-box; margin: 0px 0px 5px; padding: 0px 0px 0px 20px; font-size: 13px; position: relative; color: #333333; font-family: Roboto, Helvetica, Arial, sans-serif;">ISO: 100-25600</p>\r\n<p style="box-sizing: border-box; margin: 0px 0px 5px; padding: 0px 0px 0px 20px; font-size: 13px; position: relative; color: #333333; font-family: Roboto, Helvetica, Arial, sans-serif;">Hệ thống lấy n&eacute;t: 25 điểm</p>\r\n<p style="box-sizing: border-box; margin: 0px 0px 5px; padding: 0px 0px 0px 20px; font-size: 13px; position: relative; color: #333333; font-family: Roboto, Helvetica, Arial, sans-serif;">Tốc độ lấy n&eacute;t chưa đến 0.07 gi&acirc;y</p>\r\n<p style="box-sizing: border-box; margin: 0px 0px 5px; padding: 0px 0px 0px 20px; font-size: 13px; position: relative; color: #333333; font-family: Roboto, Helvetica, Arial, sans-serif;">Chụp ảnh li&ecirc;n tục: 6 ảnh/ gi&acirc;y</p>', 11000000, 10, 1, 3, '2017-12-29', 0, 0),
(8, 'Máy Ảnh Fujifilm X-A3 + 16-50mm II', 'Indonesia', '<p style="box-sizing: border-box; margin: 0px 0px 5px; padding: 0px 0px 0px 20px; font-size: 13px; position: relative; color: #333333; font-family: Roboto, Helvetica, Arial, sans-serif;">Cảm biến: CMOS 24MP</p>\r\n<p style="box-sizing: border-box; margin: 0px 0px 5px; padding: 0px 0px 0px 20px; font-size: 13px; position: relative; color: #333333; font-family: Roboto, Helvetica, Arial, sans-serif;">Bộ xử l&yacute; h&igrave;nh ảnh: EXR Processor II</p>\r\n<p style="box-sizing: border-box; margin: 0px 0px 5px; padding: 0px 0px 0px 20px; font-size: 13px; position: relative; color: #333333; font-family: Roboto, Helvetica, Arial, sans-serif;">M&agrave;n h&igrave;nh cảm ứng 3 inches lật 180 độ</p>\r\n<p style="box-sizing: border-box; margin: 0px 0px 5px; padding: 0px 0px 0px 20px; font-size: 13px; position: relative; color: #333333; font-family: Roboto, Helvetica, Arial, sans-serif;">ISO: 200 - 6400 mở rộng đến 25600</p>\r\n<p style="box-sizing: border-box; margin: 0px 0px 5px; padding: 0px 0px 0px 20px; font-size: 13px; position: relative; color: #333333; font-family: Roboto, Helvetica, Arial, sans-serif;">Hỗ trợ kết nối Wifi</p>', 10550000, 33, 1, 4, '2017-12-29', 0, 0),
(9, 'Máy Ảnh Sony DSC W830 - 20.1 Megapixel, Zoom 8x', 'Trung Quốc', '<p>Kh&ocirc;ng c&oacute; m&ocirc; tả</p>', 2450000, 10, 1, 3, '2017-12-29', 0, 0),
(10, 'Máy Ảnh Sony Alpha A6000 + 16-50mm - Bạc', 'Thái Lan', '<p style="box-sizing: border-box; margin: 0px 0px 5px; padding: 0px 0px 0px 20px; font-size: 13px; position: relative; color: #333333; font-family: Roboto, Helvetica, Arial, sans-serif;">Cảm biến: APS HD CMOS</p>\r\n<p style="box-sizing: border-box; margin: 0px 0px 5px; padding: 0px 0px 0px 20px; font-size: 13px; position: relative; color: #333333; font-family: Roboto, Helvetica, Arial, sans-serif;">Bộ xử l&yacute; h&igrave;nh ảnh: BIONZ X</p>\r\n<p style="box-sizing: border-box; margin: 0px 0px 5px; padding: 0px 0px 0px 20px; font-size: 13px; position: relative; color: #333333; font-family: Roboto, Helvetica, Arial, sans-serif;">ISO: 100 - 25600</p>\r\n<p style="box-sizing: border-box; margin: 0px 0px 5px; padding: 0px 0px 0px 20px; font-size: 13px; position: relative; color: #333333; font-family: Roboto, Helvetica, Arial, sans-serif;">Hệ thống lấy n&eacute;t: 25 điểm</p>\r\n<p style="box-sizing: border-box; margin: 0px 0px 5px; padding: 0px 0px 0px 20px; font-size: 13px; position: relative; color: #333333; font-family: Roboto, Helvetica, Arial, sans-serif;">Tốc độ lấy n&eacute;t cực nhanh 0.06 gi&acirc;y</p>\r\n<p style="box-sizing: border-box; margin: 0px 0px 5px; padding: 0px 0px 0px 20px; font-size: 13px; position: relative; color: #333333; font-family: Roboto, Helvetica, Arial, sans-serif;">Chụp ảnh li&ecirc;n tục: 11 ảnh/</p>\r\n<p style="box-sizing: border-box; margin: 0px 0px 5px; padding: 0px 0px 0px 20px; font-size: 13px; position: relative; color: #333333; font-family: Roboto, Helvetica, Arial, sans-serif;">Chuyển h&igrave;nh nhanh với k&ecirc;t nối Wifi</p>', 13500000, 49, 1, 3, '2017-12-29', 0, 0),
(11, 'Canon M10 KIT 15-45mm (Lê Bảo Minh)', 'Đài Loan', '<p>Kh&ocirc;ng c&oacute; m&ocirc; tả</p>', 7000000, 18, 2, 1, '2017-12-30', 0, 0),
(12, 'Máy Ảnh Sony DSC H300 - 20.1 Megapixel, Zoom 35x', 'Trung Quốc', '<p>Kh&ocirc;ng c&oacute; m&ocirc; tả</p>', 3550000, 25, 2, 3, '2017-12-30', 0, 0),
(13, 'Máy Ảnh Sony DSC H400 - 20.1 Megapixel, Zoom 63x', 'Trung Quốc', '<p style="box-sizing: border-box; margin: 0px 0px 5px; padding: 0px 0px 0px 20px; font-size: 13px; position: relative; color: #333333; font-family: Roboto, Helvetica, Arial, sans-serif;">Cảm biến: Super HAD CCD 20.1 MP</p>\r\n<p style="box-sizing: border-box; margin: 0px 0px 5px; padding: 0px 0px 0px 20px; font-size: 13px; position: relative; color: #333333; font-family: Roboto, Helvetica, Arial, sans-serif;">Bộ xử l&yacute; h&igrave;nh ảnh: BIONZ R</p>\r\n<p style="box-sizing: border-box; margin: 0px 0px 5px; padding: 0px 0px 0px 20px; font-size: 13px; position: relative; color: #333333; font-family: Roboto, Helvetica, Arial, sans-serif;">ISO: l&ecirc;n đến 3200</p>\r\n<p style="box-sizing: border-box; margin: 0px 0px 5px; padding: 0px 0px 0px 20px; font-size: 13px; position: relative; color: #333333; font-family: Roboto, Helvetica, Arial, sans-serif;">Hệ thống lấy n&eacute;t: Tự động</p>\r\n<p style="box-sizing: border-box; margin: 0px 0px 5px; padding: 0px 0px 0px 20px; font-size: 13px; position: relative; color: #333333; font-family: Roboto, Helvetica, Arial, sans-serif;">Chụp ảnh li&ecirc;n tục: 0.8fps</p>', 5000000, 27, 2, 1, '2017-12-30', 0, 0),
(14, 'Máy Ảnh Sony Alpha A6000 + 16-50mm - Xám', 'Thái Lan', '<p style="box-sizing: border-box; margin: 0px 0px 5px; padding: 0px 0px 0px 20px; font-size: 13px; position: relative; color: #333333; font-family: Roboto, Helvetica, Arial, sans-serif;">Cảm biến: APS HD CMOS</p>\r\n<p style="box-sizing: border-box; margin: 0px 0px 5px; padding: 0px 0px 0px 20px; font-size: 13px; position: relative; color: #333333; font-family: Roboto, Helvetica, Arial, sans-serif;">Bộ xử l&yacute; h&igrave;nh ảnh: BIONZ X</p>\r\n<p style="box-sizing: border-box; margin: 0px 0px 5px; padding: 0px 0px 0px 20px; font-size: 13px; position: relative; color: #333333; font-family: Roboto, Helvetica, Arial, sans-serif;">ISO: 100 - 25600</p>\r\n<p style="box-sizing: border-box; margin: 0px 0px 5px; padding: 0px 0px 0px 20px; font-size: 13px; position: relative; color: #333333; font-family: Roboto, Helvetica, Arial, sans-serif;">Hệ thống lấy n&eacute;t: 25 điểm</p>\r\n<p style="box-sizing: border-box; margin: 0px 0px 5px; padding: 0px 0px 0px 20px; font-size: 13px; position: relative; color: #333333; font-family: Roboto, Helvetica, Arial, sans-serif;">Tốc độ lấy n&eacute;t cực nhanh 0.06 gi&acirc;y</p>\r\n<p style="box-sizing: border-box; margin: 0px 0px 5px; padding: 0px 0px 0px 20px; font-size: 13px; position: relative; color: #333333; font-family: Roboto, Helvetica, Arial, sans-serif;">Chụp ảnh li&ecirc;n tục: 11 ảnh/</p>\r\n<p style="box-sizing: border-box; margin: 0px 0px 5px; padding: 0px 0px 0px 20px; font-size: 13px; position: relative; color: #333333; font-family: Roboto, Helvetica, Arial, sans-serif;">Chuyển h&igrave;nh nhanh với k&ecirc;t nối Wifi</p>', 13500000, 48, 2, 3, '2017-12-30', 0, 0),
(15, 'Máy Ảnh Canon IXUS 185 (Lê Bảo Minh) - Đen', 'Trung Quốc', '<p style="box-sizing: border-box; margin: 0px 0px 5px; padding: 0px 0px 0px 20px; font-size: 13px; position: relative; color: #333333; font-family: Roboto, Helvetica, Arial, sans-serif;">Bộ xử l&yacute; ảnh DIGIC 4+</p>\r\n<p style="box-sizing: border-box; margin: 0px 0px 5px; padding: 0px 0px 0px 20px; font-size: 13px; position: relative; color: #333333; font-family: Roboto, Helvetica, Arial, sans-serif;">Cảm biến 20.0 megapixel</p>\r\n<p style="box-sizing: border-box; margin: 0px 0px 5px; padding: 0px 0px 0px 20px; font-size: 13px; position: relative; color: #333333; font-family: Roboto, Helvetica, Arial, sans-serif;">Chế độ chụp h&igrave;nh đa dạng</p>\r\n<p style="box-sizing: border-box; margin: 0px 0px 5px; padding: 0px 0px 0px 20px; font-size: 13px; position: relative; color: #333333; font-family: Roboto, Helvetica, Arial, sans-serif;">Khả năng zoom quang học 8x</p>', 2250000, 19, 2, 1, '2017-12-30', 0, 0),
(16, 'Máy Ảnh Sony WX500', 'Trung Quốc', '<p>Kh&ocirc;ng c&oacute; m&ocirc; tả</p>', 6550000, 20, 2, 3, '2017-12-30', 0, 0),
(17, 'Máy Ảnh Canon PowerShot SX430 IS (Lê Bảo Minh)', 'Trung Quốc', '<p style="box-sizing: border-box; margin: 0px 0px 5px; padding: 0px 0px 0px 20px; font-size: 13px; position: relative; color: #333333; font-family: Roboto, Helvetica, Arial, sans-serif;">Chụp h&igrave;nh ảnh chi tiết với zoom 45x</p>\n<p style="box-sizing: border-box; margin: 0px 0px 5px; padding: 0px 0px 0px 20px; font-size: 13px; position: relative; color: #333333; font-family: Roboto, Helvetica, Arial, sans-serif;">H&igrave;nh ảnh tuyệt đẹp với c&ocirc;ng nghệ ấn tượng</p>\n<p style="box-sizing: border-box; margin: 0px 0px 5px; padding: 0px 0px 0px 20px; font-size: 13px; position: relative; color: #333333; font-family: Roboto, Helvetica, Arial, sans-serif;">Kết nối với thế giới chỉ bằng một lần nhấn</p>\n<p style="box-sizing: border-box; margin: 0px 0px 5px; padding: 0px 0px 0px 20px; font-size: 13px; position: relative; color: #333333; font-family: Roboto, Helvetica, Arial, sans-serif;">Zoom quang học 45x (24 - 1080 mm) với ZoomPlus 90x</p>\n<p style="box-sizing: border-box; margin: 0px 0px 5px; padding: 0px 0px 0px 20px; font-size: 13px; position: relative; color: #333333; font-family: Roboto, Helvetica, Arial, sans-serif;">Cảm biến 20.0 megapixel</p>\n<p style="box-sizing: border-box; margin: 0px 0px 5px; padding: 0px 0px 0px 20px; font-size: 13px; position: relative; color: #333333; font-family: Roboto, Helvetica, Arial, sans-serif;">Hệ thống Ổn định H&igrave;nh ảnh Th&ocirc;ng minh</p>', 5250000, 19, 2, 1, '2017-12-30', 0, 0),
(18, 'Máy Ảnh Sony HX350 - 20.4 Megapixel, Zoom 50x', 'Trung Quốc', '<p style="box-sizing: border-box; margin: 0px 0px 5px; padding: 0px 0px 0px 20px; font-size: 13px; position: relative; color: #333333; font-family: Roboto, Helvetica, Arial, sans-serif;">Cảm biến: CMOS BSI Exmor R&reg;</p>\r\n<p style="box-sizing: border-box; margin: 0px 0px 5px; padding: 0px 0px 0px 20px; font-size: 13px; position: relative; color: #333333; font-family: Roboto, Helvetica, Arial, sans-serif;">Độ ph&acirc;n giải 20.4MP</p>\r\n<p style="box-sizing: border-box; margin: 0px 0px 5px; padding: 0px 0px 0px 20px; font-size: 13px; position: relative; color: #333333; font-family: Roboto, Helvetica, Arial, sans-serif;">ISO Auto, 80-3200 (mở rộng 12800)</p>\r\n<p style="box-sizing: border-box; margin: 0px 0px 5px; padding: 0px 0px 0px 20px; font-size: 13px; position: relative; color: #333333; font-family: Roboto, Helvetica, Arial, sans-serif;">Chụp ảnh li&ecirc;n tục: 10 h&igrave;nh/gi&acirc;y</p>\r\n<p style="box-sizing: border-box; margin: 0px 0px 5px; padding: 0px 0px 0px 20px; font-size: 13px; position: relative; color: #333333; font-family: Roboto, Helvetica, Arial, sans-serif;">M&agrave;n h&igrave;nh LCD 3&rdquo; c&oacute; khả năng xoay lật</p>', 7450000, 9, 2, 3, '2017-12-30', 0, 0),
(19, 'Máy Ảnh Sony DSC WX350 - 18.2 Megapixel, Zoom 20x', 'Trung Quốc', '<p>Kh&ocirc;ng c&oacute; m&ocirc; tả</p>', 5000000, 21, 2, 3, '2017-12-30', 0, 0),
(20, 'Máy Ảnh Canon PowerShot SX620 HS (Lê Bảo Minh) - Hàng Chính Hãng', 'Trung Quốc', '<p style="box-sizing: border-box; margin: 0px 0px 5px; padding: 0px 0px 0px 20px; font-size: 13px; position: relative; color: #333333; font-family: Roboto, Helvetica, Arial, sans-serif;">Thiết kế nhỏ gọn</p>\r\n<p style="box-sizing: border-box; margin: 0px 0px 5px; padding: 0px 0px 0px 20px; font-size: 13px; position: relative; color: #333333; font-family: Roboto, Helvetica, Arial, sans-serif;">Ống k&iacute;nh Zoom quang học 42x</p>\r\n<p style="box-sizing: border-box; margin: 0px 0px 5px; padding: 0px 0px 0px 20px; font-size: 13px; position: relative; color: #333333; font-family: Roboto, Helvetica, Arial, sans-serif;">Bộ xử l&yacute; h&igrave;nh ảnh DIGIC 4+</p>\r\n<p style="box-sizing: border-box; margin: 0px 0px 5px; padding: 0px 0px 0px 20px; font-size: 13px; position: relative; color: #333333; font-family: Roboto, Helvetica, Arial, sans-serif;">Kết nối kh&ocirc;ng d&acirc;y</p>', 650000, 32, 2, 1, '2017-12-30', 0, 0),
(21, 'Máy Ảnh Selfie Lấy Liền Fujifilm Instax Mini 9 - Ice Blue', 'Trung Quốc', '<p style="box-sizing: border-box; margin: 0px 0px 5px; padding: 0px 0px 0px 20px; font-size: 13px; position: relative; color: #333333; font-family: Roboto, Helvetica, Arial, sans-serif;">Thiết kế ngộ nghĩnh, đ&aacute;ng y&ecirc;u</p>\r\n<p style="box-sizing: border-box; margin: 0px 0px 5px; padding: 0px 0px 0px 20px; font-size: 13px; position: relative; color: #333333; font-family: Roboto, Helvetica, Arial, sans-serif;">T&iacute;ch hợp gương Selfie cho c&aacute;c t&iacute;n đồ m&ecirc; chụp ảnh</p>\r\n<p style="box-sizing: border-box; margin: 0px 0px 5px; padding: 0px 0px 0px 20px; font-size: 13px; position: relative; color: #333333; font-family: Roboto, Helvetica, Arial, sans-serif;">H&igrave;nh ảnh ch&acirc;n thực, r&otilde; n&eacute;t</p>\r\n<p style="box-sizing: border-box; margin: 0px 0px 5px; padding: 0px 0px 0px 20px; font-size: 13px; position: relative; color: #333333; font-family: Roboto, Helvetica, Arial, sans-serif;">Nhiều chế độ chụp h&igrave;nh được c&agrave;i đặt sẵn</p>\r\n<p style="box-sizing: border-box; margin: 0px 0px 5px; padding: 0px 0px 0px 20px; font-size: 13px; position: relative; color: #333333; font-family: Roboto, Helvetica, Arial, sans-serif;">Sử dụng pin AA tiện dụng</p>', 1700000, 37, 3, 4, '2017-12-30', 0, 0),
(22, 'Máy Ảnh Selfie Lấy Liền Fujifilm Instax Mini 9 - Lime Green', 'Trung Quốc', '<p style="box-sizing: border-box; margin: 0px 0px 5px; padding: 0px 0px 0px 20px; font-size: 13px; position: relative; color: #333333; font-family: Roboto, Helvetica, Arial, sans-serif;">Thiết kế ngộ nghĩnh, đ&aacute;ng y&ecirc;u</p>\r\n<p style="box-sizing: border-box; margin: 0px 0px 5px; padding: 0px 0px 0px 20px; font-size: 13px; position: relative; color: #333333; font-family: Roboto, Helvetica, Arial, sans-serif;">T&iacute;ch hợp gương Selfie cho c&aacute;c t&iacute;n đồ m&ecirc; chụp ảnh</p>\r\n<p style="box-sizing: border-box; margin: 0px 0px 5px; padding: 0px 0px 0px 20px; font-size: 13px; position: relative; color: #333333; font-family: Roboto, Helvetica, Arial, sans-serif;">H&igrave;nh ảnh ch&acirc;n thực, r&otilde; n&eacute;t</p>\r\n<p style="box-sizing: border-box; margin: 0px 0px 5px; padding: 0px 0px 0px 20px; font-size: 13px; position: relative; color: #333333; font-family: Roboto, Helvetica, Arial, sans-serif;">Nhiều chế độ chụp h&igrave;nh được c&agrave;i đặt sẵn</p>\r\n<p style="box-sizing: border-box; margin: 0px 0px 5px; padding: 0px 0px 0px 20px; font-size: 13px; position: relative; color: #333333; font-family: Roboto, Helvetica, Arial, sans-serif;">Sử dụng pin AA tiện dụng</p>', 1700000, 15, 3, 4, '2017-12-30', 0, 0),
(23, 'Máy Ảnh Selfie Lấy Liền Fujifilm Instax Mini 9 - Flamingo Pink', 'Trung Quốc', '<p style="box-sizing: border-box; margin: 0px 0px 5px; padding: 0px 0px 0px 20px; font-size: 13px; position: relative; color: #333333; font-family: Roboto, Helvetica, Arial, sans-serif;">Thiết kế ngộ nghĩnh, đ&aacute;ng y&ecirc;u</p>\r\n<p style="box-sizing: border-box; margin: 0px 0px 5px; padding: 0px 0px 0px 20px; font-size: 13px; position: relative; color: #333333; font-family: Roboto, Helvetica, Arial, sans-serif;">T&iacute;ch hợp gương Selfie cho c&aacute;c t&iacute;n đồ m&ecirc; chụp ảnh</p>\r\n<p style="box-sizing: border-box; margin: 0px 0px 5px; padding: 0px 0px 0px 20px; font-size: 13px; position: relative; color: #333333; font-family: Roboto, Helvetica, Arial, sans-serif;">H&igrave;nh ảnh ch&acirc;n thực, r&otilde; n&eacute;t</p>\r\n<p style="box-sizing: border-box; margin: 0px 0px 5px; padding: 0px 0px 0px 20px; font-size: 13px; position: relative; color: #333333; font-family: Roboto, Helvetica, Arial, sans-serif;">Nhiều chế độ chụp h&igrave;nh được c&agrave;i đặt sẵn</p>\r\n<p style="box-sizing: border-box; margin: 0px 0px 5px; padding: 0px 0px 0px 20px; font-size: 13px; position: relative; color: #333333; font-family: Roboto, Helvetica, Arial, sans-serif;">Sử dụng pin AA tiện dụng</p>', 1700000, 17, 3, 4, '2017-12-30', 0, 0),
(24, 'Máy Ảnh Fujifilm Instax 25 - Trắng', 'Trung Quốc', '<p>Kh&ocirc;ng c&oacute; m&ocirc; tả</p>', 2600000, 44, 3, 4, '2017-12-30', 0, 0),
(25, 'Máy Ảnh Selfie Lấy Liền Fujifilm Instax Mini 9 - Cobalt Blue', 'Trung Quốc', '<p style="box-sizing: border-box; margin: 0px 0px 5px; padding: 0px 0px 0px 20px; font-size: 13px; position: relative; color: #333333; font-family: Roboto, Helvetica, Arial, sans-serif;">Thiết kế ngộ nghĩnh, đ&aacute;ng y&ecirc;u</p>\r\n<p style="box-sizing: border-box; margin: 0px 0px 5px; padding: 0px 0px 0px 20px; font-size: 13px; position: relative; color: #333333; font-family: Roboto, Helvetica, Arial, sans-serif;">T&iacute;ch hợp gương Selfie cho c&aacute;c t&iacute;n đồ m&ecirc; chụp ảnh</p>\r\n<p style="box-sizing: border-box; margin: 0px 0px 5px; padding: 0px 0px 0px 20px; font-size: 13px; position: relative; color: #333333; font-family: Roboto, Helvetica, Arial, sans-serif;">H&igrave;nh ảnh ch&acirc;n thực, r&otilde; n&eacute;t</p>\r\n<p style="box-sizing: border-box; margin: 0px 0px 5px; padding: 0px 0px 0px 20px; font-size: 13px; position: relative; color: #333333; font-family: Roboto, Helvetica, Arial, sans-serif;">Nhiều chế độ chụp h&igrave;nh được c&agrave;i đặt sẵn</p>\r\n<p style="box-sizing: border-box; margin: 0px 0px 5px; padding: 0px 0px 0px 20px; font-size: 13px; position: relative; color: #333333; font-family: Roboto, Helvetica, Arial, sans-serif;">Sử dụng pin AA tiện dụng</p>', 1700000, 15, 3, 4, '2017-12-30', 0, 0),
(26, 'Máy Ảnh Selfie Lấy Liền Fujifilm Instax MINI 8 MINION', 'Nhật Bản', '<p style="box-sizing: border-box; margin: 0px 0px 5px; padding: 0px 0px 0px 20px; font-size: 13px; position: relative; color: #333333; font-family: Roboto, Helvetica, Arial, sans-serif;">Thiết kế nh&acirc;n vật minion xinh xắn</p>\r\n<p style="box-sizing: border-box; margin: 0px 0px 5px; padding: 0px 0px 0px 20px; font-size: 13px; position: relative; color: #333333; font-family: Roboto, Helvetica, Arial, sans-serif;">Chụp l&agrave; c&oacute; ảnh ngay</p>\r\n<p style="box-sizing: border-box; margin: 0px 0px 5px; padding: 0px 0px 0px 20px; font-size: 13px; position: relative; color: #333333; font-family: Roboto, Helvetica, Arial, sans-serif;">H&igrave;nh ảnh ch&acirc;n thực, r&otilde; n&eacute;t</p>\r\n<p style="box-sizing: border-box; margin: 0px 0px 5px; padding: 0px 0px 0px 20px; font-size: 13px; position: relative; color: #333333; font-family: Roboto, Helvetica, Arial, sans-serif;">Trang bị đ&egrave;n flash</p>\r\n<p style="box-sizing: border-box; margin: 0px 0px 5px; padding: 0px 0px 0px 20px; font-size: 13px; position: relative; color: #333333; font-family: Roboto, Helvetica, Arial, sans-serif;">Ống k&iacute;nh ti&ecirc;u cự 60mm</p>', 2000000, 18, 3, 4, '2017-12-30', 0, 0),
(27, 'Máy Ảnh Lấy Liền Fujifilm Instax 25', 'Trung Quốc', '<p style="box-sizing: border-box; margin: 0px 0px 5px; padding: 0px 0px 0px 20px; font-size: 13px; position: relative; color: #333333; font-family: Roboto, Helvetica, Arial, sans-serif;">Thiết kế nhỏ gọn, trọng lượng nhẹ</p>\r\n<p style="box-sizing: border-box; margin: 0px 0px 5px; padding: 0px 0px 0px 20px; font-size: 13px; position: relative; color: #333333; font-family: Roboto, Helvetica, Arial, sans-serif;">Chụp v&agrave; in ảnh ngay lập tức</p>\r\n<p style="box-sizing: border-box; margin: 0px 0px 5px; padding: 0px 0px 0px 20px; font-size: 13px; position: relative; color: #333333; font-family: Roboto, Helvetica, Arial, sans-serif;">Thao t&aacute;c sử dụng đơn giản</p>\r\n<p style="box-sizing: border-box; margin: 0px 0px 5px; padding: 0px 0px 0px 20px; font-size: 13px; position: relative; color: #333333; font-family: Roboto, Helvetica, Arial, sans-serif;">Đ&egrave;n flash tự động hỗ trợ chụp trong m&ocirc;i trường thiếu s&aacute;ng</p>', 2600000, 45, 3, 4, '2017-12-30', 0, 0),
(28, 'Máy Ảnh Selfie Lấy Liền Fujifilm Instax Mini 70 - Trắng', 'Trung Quốc', '<p>Kh&ocirc;ng c&oacute; m&ocirc; tả</p>', 2650000, 18, 3, 4, '2017-12-30', 0, 0),
(29, 'Máy Ảnh Fujifilm Instax Mini 90 Neo', 'Trung Quốc', '<p>Kh&ocirc;ng c&oacute; m&ocirc; tả</p>', 4000000, 16, 3, 4, '2017-12-30', 0, 0),
(30, 'Máy Ảnh Lấy Liền Fujifilm Instax Mini 8 - Hello Kitty Đỏ', 'Trung Quốc', '<p style="box-sizing: border-box; margin: 0px 0px 5px; padding: 0px 0px 0px 20px; font-size: 13px; position: relative; color: #333333; font-family: Roboto, Helvetica, Arial, sans-serif;">Thiết kế ngộ nghĩnh, trẻ trung</p>\r\n<p style="box-sizing: border-box; margin: 0px 0px 5px; padding: 0px 0px 0px 20px; font-size: 13px; position: relative; color: #333333; font-family: Roboto, Helvetica, Arial, sans-serif;">Gọn nhẹ, dễ mang theo b&ecirc;n m&igrave;nh</p>\r\n<p style="box-sizing: border-box; margin: 0px 0px 5px; padding: 0px 0px 0px 20px; font-size: 13px; position: relative; color: #333333; font-family: Roboto, Helvetica, Arial, sans-serif;">Ph&ugrave; hợp với c&aacute;c bạn nữ y&ecirc;u th&iacute;ch c&ocirc; n&agrave;ng Hello Kitty</p>\r\n<p style="box-sizing: border-box; margin: 0px 0px 5px; padding: 0px 0px 0px 20px; font-size: 13px; position: relative; color: #333333; font-family: Roboto, Helvetica, Arial, sans-serif;">Sử dụng 2 pin, loại LR6/AA- 1.5V</p>\r\n<p style="box-sizing: border-box; margin: 0px 0px 5px; padding: 0px 0px 0px 20px; font-size: 13px; position: relative; color: #333333; font-family: Roboto, Helvetica, Arial, sans-serif;">Dễ sử dụng, kh&ocirc;ng đ&ograve;i hỏi am hiểu qu&aacute; s&acirc;u về chụp h&igrave;nh</p>', 1900000, 18, 3, 4, '2017-12-30', 0, 0),
(31, 'Máy Ảnh Lấy Liền Fujifilm Instax SQUARE SQ10', 'Nhật Bản', '<p style="box-sizing: border-box; margin: 0px 0px 5px; padding: 0px 0px 0px 20px; font-size: 13px; position: relative; color: #333333; font-family: Roboto, Helvetica, Arial, sans-serif;">Cảm biến ảnh CMOS 1.4 inch, độ ph&acirc;n giải 3.8 MP</p>\r\n<p style="box-sizing: border-box; margin: 0px 0px 5px; padding: 0px 0px 0px 20px; font-size: 13px; position: relative; color: #333333; font-family: Roboto, Helvetica, Arial, sans-serif;">Ống k&iacute;nh g&oacute;c rộng 28.5 mm, 1 khẩu F2.4</p>\r\n<p style="box-sizing: border-box; margin: 0px 0px 5px; padding: 0px 0px 0px 20px; font-size: 13px; position: relative; color: #333333; font-family: Roboto, Helvetica, Arial, sans-serif;">M&agrave;n h&igrave;nh TFT 3 inh, 460K điểm ảnh</p>\r\n<p style="box-sizing: border-box; margin: 0px 0px 5px; padding: 0px 0px 0px 20px; font-size: 13px; position: relative; color: #333333; font-family: Roboto, Helvetica, Arial, sans-serif;">M&aacute;y in ảnh chất lượng tốt Instax Square</p>\r\n<p style="box-sizing: border-box; margin: 0px 0px 5px; padding: 0px 0px 0px 20px; font-size: 13px; position: relative; color: #333333; font-family: Roboto, Helvetica, Arial, sans-serif;">Pin NP-50, in được khoảng 160 h&igrave;nh</p>\r\n<p style="box-sizing: border-box; margin: 0px 0px 5px; padding: 0px 0px 0px 20px; font-size: 13px; position: relative; color: #333333; font-family: Roboto, Helvetica, Arial, sans-serif;">Hộp film Fujifilm Instax SQUARE gồm 10 tấm film</p>', 6050000, 19, 3, 4, '2017-12-30', 0, 0),
(32, 'Máy Ảnh Fujifilm Instax Mini 8 - Vàng', 'Trung Quốc', '<p>Kh&ocirc;ng c&oacute; m&ocirc; tả</p>', 1650000, 43, 3, 4, '2017-12-30', 0, 0),
(33, 'Máy Ảnh Fujifilm X-T20 (24.3MP) + Lens 18-55mm - Hàng Chính Hãng', 'Trung Quốc', '<p style="box-sizing: border-box; margin: 0px 0px 5px; padding: 0px 0px 0px 20px; font-size: 13px; position: relative; color: #333333; font-family: Roboto, Helvetica, Arial, sans-serif;">Cảm biến APS-C X-Trans CMOS III 24.3MP hiện đại</p>\r\n<p style="box-sizing: border-box; margin: 0px 0px 5px; padding: 0px 0px 0px 20px; font-size: 13px; position: relative; color: #333333; font-family: Roboto, Helvetica, Arial, sans-serif;">Bộ xử l&yacute; h&igrave;nh ảnh X-Processor Pro mạnh mẽ</p>\r\n<p style="box-sizing: border-box; margin: 0px 0px 5px; padding: 0px 0px 0px 20px; font-size: 13px; position: relative; color: #333333; font-family: Roboto, Helvetica, Arial, sans-serif;">M&agrave;n h&igrave;nh cảm ứng TFT LCD 3" 1.04 triệu điểm ảnh c&oacute; thể xoay lật</p>\r\n<p style="box-sizing: border-box; margin: 0px 0px 5px; padding: 0px 0px 0px 20px; font-size: 13px; position: relative; color: #333333; font-family: Roboto, Helvetica, Arial, sans-serif;">Chế độ chụp nhanh li&ecirc;n tục l&ecirc;n đến 5 fps</p>\r\n<p style="box-sizing: border-box; margin: 0px 0px 5px; padding: 0px 0px 0px 20px; font-size: 13px; position: relative; color: #333333; font-family: Roboto, Helvetica, Arial, sans-serif;">Ống k&iacute;nh 18-55mm chống rung quang học tuyệt vời</p>', 28000000, 15, 4, 4, '2017-12-30', 0, 0),
(34, 'Máy Ảnh Fujifilm X-T20 (24.3MP) + Lens 16-50mm - Hàng Chính Hãng', 'Trung Quốc', '<p style="box-sizing: border-box; margin: 0px 0px 5px; padding: 0px 0px 0px 20px; font-size: 13px; position: relative; color: #333333; font-family: Roboto, Helvetica, Arial, sans-serif;">Cảm biến APS-C X-Trans CMOS III 24.3MP hiện đại</p>\r\n<p style="box-sizing: border-box; margin: 0px 0px 5px; padding: 0px 0px 0px 20px; font-size: 13px; position: relative; color: #333333; font-family: Roboto, Helvetica, Arial, sans-serif;">Bộ xử l&yacute; h&igrave;nh ảnh X-Processor Pro mạnh mẽ</p>\r\n<p style="box-sizing: border-box; margin: 0px 0px 5px; padding: 0px 0px 0px 20px; font-size: 13px; position: relative; color: #333333; font-family: Roboto, Helvetica, Arial, sans-serif;">M&agrave;n h&igrave;nh cảm ứng TFT LCD 3" 1.04 triệu điểm ảnh c&oacute; thể xoay lật</p>\r\n<p style="box-sizing: border-box; margin: 0px 0px 5px; padding: 0px 0px 0px 20px; font-size: 13px; position: relative; color: #333333; font-family: Roboto, Helvetica, Arial, sans-serif;">Chế độ chụp nhanh li&ecirc;n tục l&ecirc;n đến 5 fps</p>\r\n<p style="box-sizing: border-box; margin: 0px 0px 5px; padding: 0px 0px 0px 20px; font-size: 13px; position: relative; color: #333333; font-family: Roboto, Helvetica, Arial, sans-serif;">Ống k&iacute;nh 16-55mm c&oacute; khẩu độ lớn, hỗ trợ lấy n&eacute;t tự động</p>', 24000000, 14, 4, 4, '2017-12-30', 0, 0),
(35, 'Máy Ảnh Sony Alpha A6500 (Body)', 'Thái Lan', '<p style="box-sizing: border-box; margin: 0px 0px 5px; padding: 0px 0px 0px 20px; font-size: 13px; position: relative; color: #333333; font-family: Roboto, Helvetica, Arial, sans-serif;">Cảm biến h&igrave;nh ảnh 24.2 MP CMOS Exmor</p>\r\n<p style="box-sizing: border-box; margin: 0px 0px 5px; padding: 0px 0px 0px 20px; font-size: 13px; position: relative; color: #333333; font-family: Roboto, Helvetica, Arial, sans-serif;">C&ocirc;ng nghệ xử l&yacute; h&igrave;nh ảnh BIONZ &trade; X</p>\r\n<p style="box-sizing: border-box; margin: 0px 0px 5px; padding: 0px 0px 0px 20px; font-size: 13px; position: relative; color: #333333; font-family: Roboto, Helvetica, Arial, sans-serif;">425 điểm AF</p>\r\n<p style="box-sizing: border-box; margin: 0px 0px 5px; padding: 0px 0px 0px 20px; font-size: 13px; position: relative; color: #333333; font-family: Roboto, Helvetica, Arial, sans-serif;">Quay phim 4K</p>\r\n<p style="box-sizing: border-box; margin: 0px 0px 5px; padding: 0px 0px 0px 20px; font-size: 13px; position: relative; color: #333333; font-family: Roboto, Helvetica, Arial, sans-serif;">M&agrave;n h&igrave;nh cảm ứng LCD 2.95 inches</p>', 28000000, 21, 4, 3, '2017-12-30', 0, 0),
(36, 'Máy Ảnh Fujifilm X-A10 + 16-50mm II', 'Indonesia', '<p style="box-sizing: border-box; margin: 0px 0px 5px; padding: 0px 0px 0px 20px; font-size: 13px; position: relative; color: #333333; font-family: Roboto, Helvetica, Arial, sans-serif;">Cảm biến ảnh: 16.3MP</p>\r\n<p style="box-sizing: border-box; margin: 0px 0px 5px; padding: 0px 0px 0px 20px; font-size: 13px; position: relative; color: #333333; font-family: Roboto, Helvetica, Arial, sans-serif;">M&agrave;n h&igrave;nh: LCD 3", 1.040k điểm ảnh, lật 180 độ, kh&ocirc;ng cảm ứng</p>\r\n<p style="box-sizing: border-box; margin: 0px 0px 5px; padding: 0px 0px 0px 20px; font-size: 13px; position: relative; color: #333333; font-family: Roboto, Helvetica, Arial, sans-serif;">Tốc độ m&agrave;n trập: 1/4.000 gi&acirc;y, m&agrave;n trập điện tử 1/32.000 gi&acirc;y</p>\r\n<p style="box-sizing: border-box; margin: 0px 0px 5px; padding: 0px 0px 0px 20px; font-size: 13px; position: relative; color: #333333; font-family: Roboto, Helvetica, Arial, sans-serif;">ISO: 200 - 6.400, mở rộng 100, 12.800, 25.600</p>\r\n<p style="box-sizing: border-box; margin: 0px 0px 5px; padding: 0px 0px 0px 20px; font-size: 13px; position: relative; color: #333333; font-family: Roboto, Helvetica, Arial, sans-serif;">Chụp li&ecirc;n tiếp: 3 fps, 6 fps</p>\r\n<p style="box-sizing: border-box; margin: 0px 0px 5px; padding: 0px 0px 0px 20px; font-size: 13px; position: relative; color: #333333; font-family: Roboto, Helvetica, Arial, sans-serif;">Quay phim: Full HD 30p/25p/24p, HD 720 60p</p>\r\n<p style="box-sizing: border-box; margin: 0px 0px 5px; padding: 0px 0px 0px 20px; font-size: 13px; position: relative; color: #333333; font-family: Roboto, Helvetica, Arial, sans-serif;">Hỗ trợ kết nối Wifi</p>', 9050000, 20, 4, 4, '2017-12-30', 0, 0),
(37, 'Máy Ảnh Mirrorless Canon EOS M5 + Lens 15-45mm (Lê Bảo Minh)', 'Nhật Bản', '<p style="box-sizing: border-box; margin: 0px 0px 5px; padding: 0px 0px 0px 20px; font-size: 13px; position: relative; color: #333333; font-family: Roboto, Helvetica, Arial, sans-serif;">Độ ph&acirc;n giải: 24.2 MP</p>\r\n<p style="box-sizing: border-box; margin: 0px 0px 5px; padding: 0px 0px 0px 20px; font-size: 13px; position: relative; color: #333333; font-family: Roboto, Helvetica, Arial, sans-serif;">Cảm biến h&igrave;nh ảnh: CMOS</p>\r\n<p style="box-sizing: border-box; margin: 0px 0px 5px; padding: 0px 0px 0px 20px; font-size: 13px; position: relative; color: #333333; font-family: Roboto, Helvetica, Arial, sans-serif;">Bộ xử l&yacute; ảnh: DIGIC 7</p>\r\n<p style="box-sizing: border-box; margin: 0px 0px 5px; padding: 0px 0px 0px 20px; font-size: 13px; position: relative; color: #333333; font-family: Roboto, Helvetica, Arial, sans-serif;">M&agrave;n h&igrave;nh: LCD 3.0" ( xoay lật g&oacute;c 180 độ/45 độ)</p>\r\n<p style="box-sizing: border-box; margin: 0px 0px 5px; padding: 0px 0px 0px 20px; font-size: 13px; position: relative; color: #333333; font-family: Roboto, Helvetica, Arial, sans-serif;">Chụp li&ecirc;n tục: 9 ảnh/gi&acirc;y</p>\r\n<p style="box-sizing: border-box; margin: 0px 0px 5px; padding: 0px 0px 0px 20px; font-size: 13px; position: relative; color: #333333; font-family: Roboto, Helvetica, Arial, sans-serif;">ISO 12.800 (mở rộng đến 25.600)</p>\r\n<p style="box-sizing: border-box; margin: 0px 0px 5px; padding: 0px 0px 0px 20px; font-size: 13px; position: relative; color: #333333; font-family: Roboto, Helvetica, Arial, sans-serif;">Hỗ trợ Wi-Fi / NFC / Bluetooth</p>', 24300000, 12, 4, 1, '2017-12-30', 0, 0),
(38, 'Máy Quay Phim Sony CX 405', 'Trung Quốc', '<p>Kh&ocirc;ng c&oacute; m&ocirc; tả</p>', 5550000, 20, 5, 3, '2017-12-30', 0, 0),
(39, 'Action Camera Sony HDR-AS50', 'Trung Quốc', '<p>Kh&ocirc;ng c&oacute; m&ocirc; tả</p>', 4700000, 20, 5, 3, '2017-12-30', 0, 0),
(40, 'Máy Quay Phim Sony HDR PJ440E', 'Trung Quốc', '<p>Kh&ocirc;ng c&oacute; m&ocirc; tả</p>', 8450000, 27, 5, 3, '2017-12-30', 0, 0),
(41, 'Máy Ảnh Nikon D3400 KIT 18-55 VR (24.2MP) - Hàng Chính Hãng', 'Thái Lan', '<p style="box-sizing: border-box; margin: 0px 0px 5px; padding: 0px 0px 0px 20px; font-size: 13px; position: relative; color: #333333; font-family: Roboto, Helvetica, Arial, sans-serif;">Thiết kế gọn nhẹ</p>\r\n<p style="box-sizing: border-box; margin: 0px 0px 5px; padding: 0px 0px 0px 20px; font-size: 13px; position: relative; color: #333333; font-family: Roboto, Helvetica, Arial, sans-serif;">D&atilde;i ISO rộng</p>\r\n<p style="box-sizing: border-box; margin: 0px 0px 5px; padding: 0px 0px 0px 20px; font-size: 13px; position: relative; color: #333333; font-family: Roboto, Helvetica, Arial, sans-serif;">Cảm biến ảnh CMOS 24.2MP</p>\r\n<p style="box-sizing: border-box; margin: 0px 0px 5px; padding: 0px 0px 0px 20px; font-size: 13px; position: relative; color: #333333; font-family: Roboto, Helvetica, Arial, sans-serif;">Tốc độ m&agrave;n trập 1/4.000 gi&acirc;y</p>\r\n<p style="box-sizing: border-box; margin: 0px 0px 5px; padding: 0px 0px 0px 20px; font-size: 13px; position: relative; color: #333333; font-family: Roboto, Helvetica, Arial, sans-serif;">Khả năng quay phim full HD</p>', 9250000, 14, 1, 2, '2017-12-30', 0, 0),
(42, 'Máy Ảnh Nikon D5600 KIT AF-P 18-55 VR', 'Thái Lan', '<p style="box-sizing: border-box; margin: 0px 0px 5px; padding: 0px 0px 0px 20px; font-size: 13px; position: relative; color: #333333; font-family: Roboto, Helvetica, Arial, sans-serif;">Cảm biến: CMOS APS-C 25MP</p>\r\n<p style="box-sizing: border-box; margin: 0px 0px 5px; padding: 0px 0px 0px 20px; font-size: 13px; position: relative; color: #333333; font-family: Roboto, Helvetica, Arial, sans-serif;">Bộ xử l&yacute; h&igrave;nh ảnh: Nikon EXPEED 4</p>\r\n<p style="box-sizing: border-box; margin: 0px 0px 5px; padding: 0px 0px 0px 20px; font-size: 13px; position: relative; color: #333333; font-family: Roboto, Helvetica, Arial, sans-serif;">ISO: Auto, 100 - 25.600</p>\r\n<p style="box-sizing: border-box; margin: 0px 0px 5px; padding: 0px 0px 0px 20px; font-size: 13px; position: relative; color: #333333; font-family: Roboto, Helvetica, Arial, sans-serif;">Hệ thống lấy n&eacute;t: 39. C&oacute; thể chọn 39 hoặc 11 điểm</p>\r\n<p style="box-sizing: border-box; margin: 0px 0px 5px; padding: 0px 0px 0px 20px; font-size: 13px; position: relative; color: #333333; font-family: Roboto, Helvetica, Arial, sans-serif;">Chụp ảnh li&ecirc;n tục: Tối đa khoảng 5 ảnh/gi&acirc;y</p>', 14800000, 20, 1, 2, '2017-12-30', 0, 0);

-- --------------------------------------------------------

--
-- Table structure for table `users`
--

CREATE TABLE IF NOT EXISTS `users` (
  `f_ID` int(11) NOT NULL AUTO_INCREMENT,
  `f_Username` varchar(255) COLLATE utf8mb4_unicode_ci NOT NULL,
  `f_Password` varchar(255) COLLATE utf8mb4_unicode_ci NOT NULL,
  `f_Name` varchar(255) COLLATE utf8mb4_unicode_ci NOT NULL,
  `f_Email` varchar(255) COLLATE utf8mb4_unicode_ci NOT NULL,
  `f_DOB` date NOT NULL,
  `f_Address` varchar(255) COLLATE utf8mb4_unicode_ci NOT NULL,
  `f_PhoneNumber` varchar(255) COLLATE utf8mb4_unicode_ci NOT NULL,
  `f_Permission` int(11) NOT NULL,
  PRIMARY KEY (`f_ID`)
) ENGINE=InnoDB  DEFAULT CHARSET=utf8mb4 COLLATE=utf8mb4_unicode_ci AUTO_INCREMENT=4 ;

--
-- Dumping data for table `users`
--

INSERT INTO `users` (`f_ID`, `f_Username`, `f_Password`, `f_Name`, `f_Email`, `f_DOB`, `f_Address`, `f_PhoneNumber`, `f_Permission`) VALUES
(1, 'a', '202cb962ac59075b964b07152d234b70', 'Phạm Văn Tín Thành', 'abc@gmail.com', '1996-02-01', '2/9 đường 1', '01697005723', 1),
(2, 'b', '202cb962ac59075b964b07152d234b70', 'Thành Phạm', 'def@gmail.com', '1996-05-03', '3/5 đường 2', '012345678', 0),
(3, 'c', '202cb962ac59075b964b07152d234b70', 'Tín Thành', 'ghi@gmail.com', '1991-01-01', '4/3 đường 3', '876543210', 0);

/*!40101 SET CHARACTER_SET_CLIENT=@OLD_CHARACTER_SET_CLIENT */;
/*!40101 SET CHARACTER_SET_RESULTS=@OLD_CHARACTER_SET_RESULTS */;
/*!40101 SET COLLATION_CONNECTION=@OLD_COLLATION_CONNECTION */;
